date,post_index,topic_slug,hook_line,fact_line,cta_line,caption_arabic,hashtags,background_query,drive_file_id,scheduled_time,status,published_at,cleaned_at,media_id,insights_fetched,reserved_at
2026-07-18,1,choice_overload,كثرة الخيارات تقتل سعادتك فوراً,تعدد البدائل يقلل قدرة الدماغ على اتخاذ قرارات مرضية ويزيد التوتر.,احفظ المنشور لتركيز أكبر,هل شعرت يوماً بالحيرة عند الاختيار بين قائمة طويلة من الطعام؟ أثبتت الدراسات أن زيادة الخيارات تؤدي إلى 'شلل القرار' وتجعلنا أقل رضا عن خيارنا النهائي. قلل خياراتك لتزيد من جودة حياتك وراحة بالك.,#علم_النفس #تطوير_الذات #حقائق_نفسية #تركيز,minimalist aesthetic abstract gradient,1COfaolJJGO3bn0jVFwjxfWxqCJFadRm1,2026-07-18T15:00:00,cleaned,2026-07-18 16:52:19,2026-07-18 21:12:19,,,
2026-07-19,1,zeigarnik_effect,لماذا تعجز عن نسيان المهام؟,تتذكر أدمغتنا المهام غير المكتملة أكثر بكثير من المهام المنجزة.,احفظ المنشور للعودة لاحقاً,تُعرف هذه الظاهرة بـ 'تأثير زيجارنيك'، حيث يميل عقلنا لإبقاء المهام غير المنتهية في حالة نشاط ذهني دائم. هذا التوتر المعرفي هو السبب الذي يجعلك تفكر في عملك حتى بعد انتهائه.,#حقائق_نفسية #تطوير_الذات #علم_النفس,minimalist abstract gradient blue,1GUQq7oZrHWR6jvvZvyp6FB24_kUcTTF6,2026-07-19T07:00:00,published,2026-07-19 9:39:58,,,,
2026-07-19,2,spotlight_effect,هل يراقبك الجميع حقاً؟,يعتقد الناس أنهم محط أنظار الجميع أكثر مما يحدث واقعياً.,احفظ المنشور لتهدأ أعصابك.,نحن نميل للمبالغة في تقدير مدى ملاحظة الآخرين لأخطائنا أو مظهرنا. الحقيقة أن معظم الناس مشغولون بتفاصيل حياتهم الخاصة لدرجة أنهم لا يلاحظون ما نقلق بشأنه.,#علم_النفس #حقائق_نفسية #تطوير_الذات,minimalist abstract soft blue background,1JPddqhb_A0Kh4jRcsv8KIdjXm1G0yWFb,2026-07-19T18:00:00,cleaned,2026-07-19 18:07:29,2026-07-19 20:10:47,,,
2026-07-19,1,negativity_bias,لماذا تتذكر النقد وتنسى المديح؟,عقلك يعطي الأولوية للتجارب السلبية لحمايتك من الأخطار المحتملة.,احفظها للمرات القادمة.,دماغنا البشري مبرمج تطورياً للتركيز على السلبيات أكثر من الإيجابيات لضمان البقاء. هذا لا يعني أنك متشائم، بل هي آلية دفاع طبيعية يحاول عقلك من خلالها تجنب التهديدات. فهم هذه الحقيقة يساعدك على إدراك لماذا تظل الكلمات الجارحة عالقة في ذهنك لفترة أطول.,#حقائق_نفسية #علم_النفس #تطوير_الذات,abstract dark minimalist background,1pNwqwOmndmvnxj_BKpMD2wVvmHmXbnPd,2026-07-19T07:00:00,published,2026-07-19 9:40:39,,,,
2026-07-19,2,chameleon_effect,هل تقلد حركات من تحب؟,محاكاة حركات الآخرين لا إرادياً تعزز الألفة والقبول الاجتماعي بينهم.,احفظها لتعرف السبب!,تُعرف هذه الظاهرة علمياً بـ 'تأثير الحرباء'، حيث يميل البشر لتقليد لغة الجسد أو نبرة الصوت لمن يجلسون معهم. هذا السلوك يعكس رغبة فطرية في بناء روابط اجتماعية أقوى وزيادة الشعور بالانسجام.,#علم_النفس #حقائق_نفسية #لغة_الجسد,abstract minimalism lines connection,1Dxtdl8JfbDXYEW6nx5iYGQoPpeuyzB95,2026-07-19T18:00:00,cleaned,2026-07-19 18:08:37,2026-07-19 20:10:49,,,
2026-07-20,1,dunning_kruger_effect,هل تثق بقدراتك أكثر من اللازم؟,الأشخاص ذوو الكفاءة المحدودة غالباً ما يبالغون في تقدير مهاراتهم الذاتية.,احفظ المنشور وشاركه.,تُعرف هذه الظاهرة بـ 'تأثير دانينغ-كروجر'، حيث يفتقر الأفراد غير المؤهلين إلى القدرة على إدراك نقص كفاءتهم. كلما تعلمت أكثر، أصبحت أكثر وعياً بما لا تعرفه حقاً.,#علم_النفس #تطوير_الذات #حقائق_نفسية #وعي,abstract minimalist gradient background,15uZLC7m7oCsYh1fgPbFZVxFNteyu338j,2026-07-20T16:00:00,cleaned,2026-07-20 16:17:29,2026-07-20 20:52:12,,,
2026-07-21,1,mere_exposure_effect,لماذا تحب الأشياء المألوفة أكثر؟,نميل لتفضيل الأشياء والأشخاص بمجرد التعرض المتكرر لهم بمرور الوقت.,احفظ المنشور للعودة لاحقاً,تُعرف هذه الظاهرة بـ 'تأثير التعرض المحض'. كلما زادت رؤيتنا لشيء ما، أصبح أكثر قبولاً وجاذبية في نظر عقولنا.,#حقائق_نفسية #علم_النفس #تطوير_الذات,abstract patterns minimalist soft colors,13eBZCW7Y_q-nT2FRNNDw8wWte8nocuGj,2026-07-21T05:30:00,cleaned,2026-07-21 15:54:40,2026-07-21 20:44:29,,,
2026-07-21,2,false_consensus_effect,هل يوافقك الجميع في الرأي؟,يميل البشر للمبالغة في تقدير مدى اتفاق الآخرين مع آرائهم.,احفظ المنشور وشاركه.,تُعرف هذه الظاهرة بـ 'تأثير الإجماع الزائف'، حيث نعتقد أن معتقداتنا وخياراتنا هي الأكثر شيوعاً بين الناس. غالباً ما يحدث ذلك لأننا نتواصل مع أشخاص يشبهوننا، مما يجعلنا نظن أن العالم كله يرى الأمور بنفس طريقتنا.,#علم_النفس #حقائق_نفسية #تطوير_الذات,abstract gradient texture minimalist,1j860RrlEg8YEDeHVuXb1gW1_nz43jyCU,2026-07-21T17:30:00,published,2026-07-22 8:02:17,,,,
2026-07-22,1,bystander_effect,هل يقل تدخلك بوجود الآخرين؟,كلما زاد عدد الحاضرين، قل احتمال مساعدة الفرد للشخص المحتاج.,شارك المنشور لتعم الفائدة.,تُعرف هذه الظاهرة بـ 'تأثير المتفرج'؛ حيث يوزع الأفراد المسؤولية بينهم في المواقف الطارئة. هذا التشتت يجعلك تشعر أن التدخل ليس مهمتك وحدك، مما يؤخر الاستجابة السريعة.,#علم_النفس #حقائق_نفسية #تطوير_الذات,minimalist abstract gradient blue,1c_30ha-LD3oJGjQoKya0F9TpqIsun1YQ,2026-07-22T16:30:00,cleaned,2026-07-22 16:32:23,2026-07-22 20:24:59,,,
2026-07-23,1,ben_franklin_effect,لماذا تحب من تساعده أكثر؟,تقديمك معروفاً لشخص يجعل دماغك يعتقد أنك تحبه أكثر.,احفظ المنشور وشاركه الآن,يُعرف هذا الظاهرة النفسية بـ 'تأثير بنجامين فرانكلين'. عندما تبذل جهداً لمساعدة شخص ما، يسعى عقلك لتقليل التنافر المعرفي عبر إقناعك بأنك تحبه ولذلك ساعدته. هل لاحظت حدوث هذا الأمر معك من قبل؟,#علم_النفس #حقائق_نفسية #تأثير_فرانكلين #معلومات_سريعة,abstract blue dynamic background focus soft lighting,1Wzx2_9gilyyjWHdzBcPOjoAYknVfqOXh,2026-07-23T06:00:00,published,7/22/2026 10:02:17,,,,
2026-07-23,2,peak_end_rule,كيف يخدعك عقلك بخصوص ذكرياتك؟,الدماغ يقيم التجارب بناءً على أشد لحظة ونهايتها وليس مدتها الكلية.,احفظ المنشور وشاركه الآن.,"تُعرف هذه الظاهرة النفسية باسم ""قاعدة الذروة والنهاية""، حيث يميل العقل إلى تجاهل المدة الزمانية الكلية لأي تجربة، ويركز فقط على أعلى نقطة مشاعر وعلى اللحظات الأخيرة منها. لهذا السبب قد تتذكر رحلة كاملة بأنها ممتازة فقط لأن نهايتها كانت سعيدة، أو العكس. استغلال هذه الحقيقة يساعدك في ترك انطباعات ختامية إيجابية دائماً.",#علم_النفس #حقائق_نفسية #تطوير_الذات #سلوك_بشري,abstract gradient wave memory blue purple glow,1l1UrRE255hSq1kEcIqRDiChACgF7dhBx,2026-07-23T17:00:00,published,7/22/2026 9:02:17,,,,
2026-07-23,1,pratfall_effect,هل أخطاؤك الصغيرة تجعلك محبوباً؟,الأفراد الموهوبون يزداد انجذاب الناس إليهم عندما يرتكبون هفوة بسيطة غير مقصودة.,احفظ المنشور وشاركه مع أصدقائك,"يُعرف هذا في علم النفس الاجتماعي باسم ""تأثير الهفوة"" (Pratfall Effect). تشير الدراسات إلى أن المثالية الكمالية المفرطة تخلُق مسافة بينك وبين الآخرين، بينما تجعلك زلات اللسان أو الأخطاء العفوية تبدو أكثر إنسانية وقرباً للقلوب. لا تقلق من كشف جانبك غير المثالي أحياناً.",#علم_النفس #حقائق_نفسية #سلوك_بشري #تطوير_الذات,abstract warm blur bokeh gradient background,1otraC1rzIoGJipYg5ZIPFHxbo5vY1zQL,2026-07-23T06:00:00,cleaned,2026-07-23T12:01:24.677616,2026-07-23T16:13:15.997124,17956839285077838,,2026-07-23T12:00:44.457900
2026-07-23,2,halo_effect,كيف يخدعك انطباعك الأول دائماً؟,تأثير الهالة يجعلك تفترض صفات إيجابية إضافية لمن يعجبك مظهرهم.,احفظ المنشور لتتذكر المعلومة!,يُعرف هذا الانحياز المعرفي في علم النفس بـ «تأثير الهالة»، حيث يميل العقل البشري لربط المظهر الجذاب بصفات إيجابية أخرى كالذكاء واللطف دون وجود دليل ملموس. أثبتت الدراسات أن انطباعنا الأولي عن سمة واحدة يطغى على تقييمنا الكلي للشخصية. هل لاحظت هذا التأثير في قراراتك اليومية من قبل؟,#حقائق_نفسية #علم_النفس #تأثير_الهالة #معلومات_سريعة,abstract light blur glowing colors gradient,18Bf-tDQMS_hXGpjg-GehTqlIZK_R7-oA,2026-07-23T17:00:00,cleaned,2026-07-23T17:01:55.871695,2026-07-23T20:35:33.780617,18119236903895725,,2026-07-23T17:00:40.246307
2026-07-24,1,loss_aversion,دماغك يكره الخسارة أكثر مما تتخيل!,ألم الخسارة يترك أثراً نفسياً يعادل ضعف فرحة تحقيق كسب مساوٍ.,احفظ المنشور وشاركه مع أصدقائك,يُعرف هذا التأثير في علم النفس بـ 'تجنب الخسارة'، حيث يميل العقل البشري لتفادي الخسائر بشدة تفوق رغبته في تحقيق كسب مماثل. يفسر هذا المبدأ سبب تمسكنا بقرارات أو استثمارات خاطئة فقط لتجنب الشعور بالخسارة.,#علم_النفس #حقائق_نفسية #تطوير_الذات #السلوك_البشري,abstract dark blue red glow contrast background gradient,1PVkJ92yk0ER2Lvo-DPlHiqmPWswVTU11,2026-07-24T15:00:00,cleaned,2026-07-24T15:01:35.197540,2026-07-24T20:05:34.023780,18113388542510528,,2026-07-24T15:00:50.779395
2026-07-25,1,ikea_effect,لماذا تحب الأشياء التي تصنعها بنفسك؟,يتجه العقل لتقييم الأشياء بقيمة أعلى فقط لأننا شاركنا في صنعها.,احفظ المنشور وشاركه مع أصدقائك,"تُعرف هذه الظاهرة النفسية بـ ""تأثير إيكيا""، حيث يربط عقلنا بين الجهد المبذول والقيمة المعنوية للشيء. لهذا السبب نجد الأعمال التي نجتهد فيها أكثر إرضاءً وشعوراً بالإنجاز مقارنة بالأشياء الجاهزة. الجهد البشري يخلق تعلقاً عاطفياً يضاعف التقييم الذاتي.",#علم_النفس #حقائق_نفسية #تأثير_إيكيا #السلوك_الإنساني #تطوير_الذات,abstract gradient minimal wood texture warm,1RGqdFD_dVujkhUKBNe9L1xEyro5PirsR,2026-07-25T08:00:00,cleaned,2026-07-25T08:01:26.745748,2026-07-25T11:49:35.582262,18116562380292346,,2026-07-25T08:00:44.691524
2026-07-25,2,anchoring_effect,هل تتأثر بأول رقم تسمعه؟,يعتمد عقلك تلقائياً على أول معلومة يتلقاها لاتخاذ كافة قراراته التالية.,احفظ المنشور وشاركه الآن.,"يُعرف هذا في علم النفس بـ ""تأثير التثبيت"" (Anchoring Effect)، حيث يميل العقل البشري للتمسك بالمعلومة الأولى التي يتلقاها كمرجع أساسي للتقييم. تجعلنا هذه الحيلة النفسية نقيّم جميع الخيارات والأسعار اللاحقة بناءً على تلك المعلومة الأولى فقط دون تحييدها.",#علم_النفس #حقائق_نفسية #تأثير_التثبيت #وعي_نفسي,abstract gradient anchor brain light background,1YHaqrTQpYr0BV1iqrVnIVKm0neAzbprg,2026-07-25T18:00:00,cleaned,2026-07-25T18:01:24.466378,2026-07-25T20:14:11.766603,17927089488379313,,2026-07-25T18:00:37.015792
2026-07-26,1,serial_position_effect,لماذا تتذكر بداية الأشياء ونهايتها فقط؟,العقل البشري يتذكر المعلومات الأولى والأخيرة في أي قائمة بشكل أفضل.,احفظ المنشور لترجع له لاحقاً,يُعرف هذا في علم النفس بـ 'أثر الموقع التسلسلي' (Serial Position Effect). يميل دماغنا لتذكر العناصر الأولى بسبب المعالجة الأعمق، والعناصر الأخيرة لأنها لا تزال حاضرة في الذاكرة القريبة. الاستفادة من هذه الحقيقة تجعلك تنظم معروضاتك أو معلوماتك بشكل أكثر تأثيراً.,#علم_النفس #حقائق_نفسية #الذاكرة #معلومات_سريعة,abstract memory network gradient blue purple,1pq0cCZKMc6DjyuOv8d_8o23qeapEnrd7,2026-07-26T16:00:00,ready,,,,,
